,-1,0,1,mean_reversion,position
"(0, 0, 0, 1, 0, 0)",-229.5058829615742,0.0,237.82170416342905,0,1
"(0, 0, 0, 1, 1, 0)",-756.6808967131377,0.0,897.8576342768927,1,1
"(0, 0, 0, 1, 1, 1)",-299.1554318540797,0.0,475.504547920932,0,1
"(0, 0, 1, 0, 0, 0)",568.0719533498916,0.0,-272.146199305557,0,-1
"(0, 1, 1, 0, 0, 0)",340.9993837165731,0.0,-716.5419605989871,-1,-1
"(1, 1, 1, 0, 0, 0)",631.8794448057024,0.0,-559.831340940521,0,-1
"(0, 0, 0, 0, 0, 0)",0.0,0.0,0.0,0,-1
