,-1,0,1,mean_reversion,position
"(0, 0, 0, 1, 0, 0)",-0.08629695050084835,0.0,-0.003347951733426266,0,0
"(0, 0, 0, 1, 1, 0)",-0.06574072144057734,0.0,0.03264945507230967,1,1
"(0, 0, 0, 1, 1, 1)",-0.134188216236695,0.0,0.18706700629515793,0,1
"(0, 0, 1, 0, 0, 0)",0.0052022204845808395,0.0,-0.11300881619433745,0,-1
"(0, 1, 1, 0, 0, 0)",0.043132233777779895,0.0,-0.05012889155889183,-1,-1
"(1, 1, 1, 0, 0, 0)",0.10018257252242305,0.0,0.07875441779817235,0,-1
"(0, 0, 0, 0, 0, 0)",0.0,0.0,0.0,0,-1
