,-1,0,1,mean_reversion,position
"(0, 0, 0, 1, 0, 0)",-0.05893731740100168,0.004461860100263006,0.07292914545859741,0,1
"(0, 0, 0, 1, 1, 0)",-0.15193686397290795,0.0056754287817408254,0.03633758080620304,1,1
"(0, 0, 0, 1, 1, 1)",-0.09805494478893113,0.005155551583604985,-0.05901352685029593,0,0
"(0, 0, 1, 0, 0, 0)",0.1678337924939737,0.004740762603153949,0.014671929776487302,0,-1
"(0, 1, 1, 0, 0, 0)",0.020461671186617913,0.0026146706166098954,-0.017482192267181167,-1,-1
"(1, 1, 1, 0, 0, 0)",0.18603421476927864,0.00686567311374568,0.02977879676741965,0,-1
"(0, 0, 0, 0, 0, 0)",0.0,0.0,0.0,0,-1
