,-1,0,1,mean_reversion,position
"(0, 0, 0, 1, 0, 0)",0.0050052447552862145,0.0,-0.02126122368163758,0,-1
"(0, 0, 0, 1, 1, 0)",-0.015656696217669817,0.0,-0.005130361099502469,1,0
"(0, 0, 0, 1, 1, 1)",0.01768302660531812,0.0,-0.010962391912595949,0,-1
"(0, 0, 1, 0, 0, 0)",-0.0034829865846667325,0.0,0.029519879499446074,0,1
"(0, 1, 1, 0, 0, 0)",-0.01979202428398177,0.0,-0.007778901788493406,-1,0
"(1, 1, 1, 0, 0, 0)",-0.002639230189233494,0.0,0.01298769163939888,0,1
"(0, 0, 0, 0, 0, 0)",0.0,0.0,0.0,0,-1
