Expiry,Tenor,f_irs,f_ois
2,10,0.03963440186681926,0.005058458162336302
8,10,0.048711408016793,0.005971837912690243
